x0,x1,target
0.7838323508057506,0.6348337060527302,0.0
0.24904309151574888,0.7580758646498177,0.0
0.3130769356316798,0.9372373574883975,0.0
0.04286544835226391,0.44086720342980446,0.0
0.9127222899351977,0.4550039189267788,0.0
0.5079343407037916,0.08490795479470015,0.0
0.4263497910655377,0.7457169596938721,0.0
0.8670813956107902,0.3236658269006706,0.0
0.10407439731328827,0.802108046853447,0.0
0.39483194918011777,0.6277680882341897,0.0
0.03598854359970072,0.2999078500215354,0.0
0.04765321960403324,0.37221107780612517,0.0
0.2624151964281971,0.9905262064126861,0.0
0.39514534810306035,0.3075392625990663,0.0
0.22110113634770445,0.49402502498638734,0.0
0.05787518962294125,0.28970004072785505,0.0
0.23495039062527756,0.9634304149536288,0.0
0.6156738730774998,0.8625839693020417,0.0
0.09008525620004304,0.14898890157990508,0.0
0.6725749636852829,0.9789919248124339,0.0
0.02322350511829474,0.9077156911757687,0.0
0.05805131621625281,0.7556654342819284,0.0
0.06460287808982568,0.2557334238083524,0.0
0.1696077644664009,0.19512729674487106,0.0
0.10655685109030466,0.5207896003888605,0.0
0.006246276335343692,0.7906050964415999,0.0
0.1387109240131209,0.10714519514849807,0.0
0.429601163602524,0.2189728773753462,0.0
0.8358517290630437,0.005874720050239368,0.0
0.1483228951433896,0.6983438425398526,0.0
0.14760990474687974,0.8707845362066596,0.0
0.5139862168749165,0.4248002562289217,0.0
0.01896837827374731,0.49432592614718096,0.0
0.9466241288576691,0.3458034276780333,0.0
0.40732889294799735,0.8289264308048582,0.0
0.714015396668201,0.4865717713021802,0.0
0.23274440122166595,0.6719964890051465,0.0
0.5786546824525314,0.448385693659916,0.0
0.5765129545869833,0.31109721172394855,0.0
0.6520713615084167,0.09095060145023293,0.0
0.36725157675142106,0.5721711866331071,0.0
0.8107133531462104,0.4665833805294878,0.0
0.6242915820414272,0.5576676270906764,0.0
0.33225550703369766,0.13721504476428503,0.0
0.9041420280279666,0.2287696226683339,0.0
0.21239563995083865,0.17778377931852285,0.0
0.6552608624103822,0.051039348775481996,0.0
0.09147953804540188,0.7018556274828837,0.0
0.7250349716498599,0.5156860620715534,0.0
0.6590685863210902,0.3105054142136142,0.0
0.07877940377718029,0.7148361328914571,0.0
0.7234991692640259,0.023190708043028252,0.0
0.12294007147336927,0.448837582581218,0.0
0.31889246248048353,0.4864262636583516,0.0
0.007611268721885667,0.41912217965388754,0.0
0.4300780978596026,0.7875865733660105,0.0
0.23985188369766652,0.20694776650990865,0.0
0.08351630936716758,0.013131545706038361,0.0
0.6646335342779626,0.33632202894688146,0.0
0.9427043654049811,0.5950940507642171,0.0
0.3518313298117569,0.7837215837689977,0.0
0.8478052000579149,0.12609178774593377,0.0
0.8475517039531147,0.17532593454932055,0.0
0.9787395404553396,0.14379433113310647,0.0
0.11221857325441476,0.5735281613314561,0.0
0.9980149549196052,0.0012575591068988423,0.0
0.07892143198425638,0.002698103673121399,0.0
0.07102711783699556,0.3387957066551218,0.0
0.3169939930100596,0.5272723877790149,0.0
0.30164696909022437,0.7098626517393731,0.0
0.24061744996676848,0.15128702188305243,0.0
0.998599182473171,0.8767614647821911,0.0
0.0768888949011789,0.2844911540696632,0.0
0.11624815208835804,0.8211811819651805,0.0
0.10402838071011744,0.12919469623477742,0.0
0.06486304518465935,0.7048639478104102,0.0
0.4813736081169523,0.6680794870161484,0.0
0.3168898552118875,0.5262279952265122,0.0
0.07988421612929109,0.4745274210954963,0.0
0.999425015868623,0.8898636140256265,0.0
0.5177245980007891,0.6853995274331173,0.0
0.7340439149611526,0.6514771289971353,0.0
0.45279041716946167,0.5492228325803065,0.0
0.8386831734362221,0.8059022911248569,0.0
0.36842846145284847,0.8246122557020577,0.0
0.5859874235951963,0.022771316890988325,0.0
0.06730433569380889,0.24839923845655765,0.0
0.9284049009115947,0.9217020810906215,0.0
0.7894277170436999,0.758603001191731,0.0
0.44595109231158936,0.303188922890548,0.0
0.03341544123265339,0.6124342474762478,0.0
0.6179124312148738,0.7731635534224742,0.0
0.20939387404601628,0.15812481975102632,0.0
0.7256189070526843,0.6239914204224422,0.0
0.08402281180524918,0.521754223084793,0.0
0.8766625396814625,0.0072593480434094415,0.0
0.344180714481948,0.5611595491388571,0.0
0.7630651907056283,0.31249233015915623,0.0
0.7678755460694426,0.25740275401966417,0.0
0.11019231627314208,0.821679864038469,0.0
0.6064803891762859,0.579418097902411,0.0
0.03319178729333094,0.9156830574551172,0.0
0.758413009869892,0.6090419938514797,0.0
0.3036638962067595,0.6638464370309786,0.0
0.4261807262929441,0.8368657386304317,0.0
0.2677711113364959,0.4205893262987104,0.0
0.5513249865682815,0.12658080305106545,0.0
0.5912737428905729,0.6021011240974681,0.0
0.14699309594977028,0.78299498776469,0.0
0.028947758166749216,0.8247797783979235,0.0
0.47613308715761127,0.717131157275346,0.0
0.6664810443525874,0.3959006920596877,0.0
0.72720131187483,0.15582828009202188,0.0
0.4708660988943898,0.06208813734660901,0.0
0.21064593975707113,0.6960951355927546,0.0
0.09386003761061068,0.8884498360266723,0.0
0.9429594504403056,0.7347199101697792,0.0
0.8444636231962164,0.5324696115317048,0.0
0.5309262980110999,0.5764402571474481,0.0
0.79402071327766,0.05714401155769011,0.0
0.44818742262419387,0.7685182040943864,0.0
0.8557230403039127,0.9478425739312716,0.0
0.6972057259218409,0.4609767576812519,0.0
0.5961264920523697,0.7296825422830264,0.0
0.4364042963240776,0.16395338819827643,0.0
0.07517367995947866,0.7180210986410576,0.0
0.3867297143902425,0.9349263880944014,0.0
0.011250256218795052,0.5772339539772862,0.0
0.895945912176832,0.2216358080891323,0.0
0.33133334558118,0.4975855323186168,0.0
0.34649387151097255,0.5864157757400013,0.0
0.43869853238457357,0.051943493915049155,0.0
0.45453124742122597,0.10688830852251918,0.0
0.726017387515397,0.6908567732443511,0.0
0.05509679280191271,0.8446260349774046,0.0
0.5305989666181301,0.2305582819074259,0.0
0.3343107374953864,0.5419019677355075,0.0
0.7500132901407929,0.08647243334414001,0.0
0.9223219147847485,0.13607916456441993,0.0
0.7479696821726904,0.04027685278766635,0.0
0.5410135916214855,0.0716533560489353,0.0
0.9195237030155218,0.6987905358998572,0.0
0.21618104165295182,0.4292423292475501,0.0
0.19958282688199924,0.8715752028904823,0.0
0.808093300629122,0.4297182439484718,0.0
0.8034904845589069,0.32990987970527075,0.0
0.9754757425920838,0.013192435378797107,0.0
0.9669471903239019,0.015149103721774582,0.0
0.5473509293937391,0.03316398895704342,0.0
0.5969865854772196,0.26060246981145185,0.0
0.2305125889980959,0.5365520084706303,0.0
0.23797418608324195,0.07341692353603702,0.0
0.20317007615712523,0.2290913041009086,0.0
0.6348902393086225,0.11521749078784471,0.0
0.012713147016921833,0.008210161959550266,0.0
0.11560935742992506,0.8561958565717186,0.0
0.6198116410157998,0.10478222531458026,0.0
0.7945313820674881,0.6112416342017715,0.0
0.8212684868115769,0.19966576384776047,0.0
0.3798616171099395,0.7410017265904484,0.0
0.38038131452939505,0.9375549680507743,0.0
0.1244024292474617,0.18465046316711187,0.0
0.7435860231654882,0.21161870158538787,0.0
0.18689090530212427,0.9710307074476447,0.0
0.8287753084520219,0.49312482153515436,0.0
0.5754781966991035,0.23621819349968354,0.0
0.6249003433272228,0.18810225512322865,0.0
0.33249995446347347,0.7395790659869244,0.0
0.051718997143405,0.2767311572626634,0.0
0.24768711804885868,0.6108187349002374,0.0
0.45063874411774907,0.19193831734388622,0.0
0.6810595846665857,0.27306803896213916,0.0
0.1094471738625149,0.22922621490346073,0.0
0.8217878356821839,0.3749111240996438,0.0
0.0647286287935146,0.95452983112943,0.0
0.006226646925950319,0.8624056621017725,0.0
0.13606980516661304,0.8289189217163792,0.0
0.9664305139469659,0.017171664553793042,0.0
0.9263696343864517,0.07847605990226081,0.0
0.6164265908871136,0.6082617855797992,0.0
0.1770694915116513,0.28794036107808174,0.0
0.45391843683015465,0.4575667885866641,0.0
0.8001645925166673,0.5295767303117275,0.0
0.6627232944664136,0.6198918735053238,0.0
0.08551625202409596,0.4477456263454851,0.0
0.014256434756951819,0.6124052165047877,0.0
0.464956628117112,0.6823314188733544,0.0
0.725161673657275,0.9182739802792252,0.0
0.05686048927220466,0.643967256268238,0.0
0.870169964273089,0.5014730694379267,0.0
0.5191086340426455,0.030635767793383173,0.0
0.4002655645301323,0.9807186002342966,0.0
0.32615434484326733,0.3203650725565058,0.0
0.2060304384359436,0.608516112033384,0.0
0.3791006994460713,0.5366250322987418,0.0
0.14250928886320047,0.19470272914190945,0.0
0.5123184049892616,0.8957866512054522,0.0
0.4178910964111149,0.1678969231935914,0.0
0.4988298121670839,0.5034522187253921,0.0
0.6175563321648271,0.8680939659288436,0.0
0.0586848087046663,0.41610527417023535,0.0
0.7506716344910112,0.9613630586685533,0.0
0.12451633138926888,0.46227207649127944,0.0
0.8798127451121385,0.12306000280467377,0.0
0.39474082094631724,0.1872978590306862,0.0
0.046307944663174117,0.5916412196379915,0.0
0.9243914992404794,0.26390936178266233,0.0
0.9780135513617261,0.19866676527114457,0.0
0.9133126583930671,0.35599821414017885,0.0
0.6074577032918703,0.6093151395086785,0.0
0.08061295150612258,0.9939064707944004,0.0
0.7798180204773171,0.15071901855646463,0.0
0.5017737049623878,0.6344098289007997,0.0
0.12047486341265456,0.19787352954981374,0.0
0.5548135685120137,0.010003819217585641,0.0
0.4050349477224463,0.8861109547548761,0.0
0.23450182753147297,0.10235982390364229,0.0
0.39186401353301525,0.7986151996871453,0.0
0.7718901847659588,0.7509612497739161,0.0
0.07903553891854054,0.8819749555848649,0.0
0.07803447589269097,0.25254990797385557,0.0
0.038662301559010626,0.8009494632395137,0.0
0.034242898457974014,0.893752256639974,0.0
0.9771453468319549,0.8965113152970854,0.0
0.660490532854297,0.2890240364612727,0.0
0.6476327098463105,0.794958223284601,0.0
0.5600028647546752,0.5168533360039743,0.0
0.803616738259889,0.6063478080008318,0.0
0.32539528705698706,0.8124315943328783,0.0
0.018743932858094836,0.41971660334100624,0.0
0.21228731647986399,0.4649428994366419,0.0
0.7940323882275558,0.13426185143796365,0.0
0.48544951489876287,0.68924765664555,0.0
0.17715185028257885,0.7271678537485786,0.0
0.542185489326976,0.008537821769270426,0.0
0.3091099551908273,0.6322607611642587,0.0
0.5407226028065542,0.9020552166260685,0.0
0.777858603086627,0.05454401180826152,0.0
0.36958369387904166,0.2084364399771571,0.0
0.387744223200135,0.1913688756761006,0.0
0.8403009155173692,0.7218352315900213,0.0
0.017221413893209414,0.06467450782959061,0.0
0.3021217488382959,0.4293050825745679,0.0
0.5664946321028212,0.10637415619275037,0.0
0.8449040497653418,0.0565019040486896,0.0
0.7102781105048427,0.14590275301209243,0.0
0.6799571913565596,0.46108027720764466,0.0
0.326580682151834,0.7797607421406564,0.0
0.021644023022862835,0.7301480681203981,0.0
0.04917728472046634,0.23385855899602093,0.0
0.8253582594767759,0.1469527504643522,0.0
0.40048947812478897,0.5712539926505877,0.0
0.3101586061169038,0.029436472026056926,0.0
0.15808813160708102,0.3736242877309198,0.0
0.9746807380416452,0.5753580361213328,0.0
0.4417217797783777,0.5687547118519417,0.0
0.40330705949808354,0.7660831272101959,0.0
0.2533597505061942,0.9479254444509759,0.0
0.8186405716192726,0.09824325636003628,0.0
0.5086359979928605,0.4170014724435387,0.0
0.14935365159914094,0.45666671230125766,0.0
0.25119056699740183,0.16592196617065424,0.0
0.14983949069490776,0.6580663240855551,0.0
0.750900602559471,0.3490675424526464,0.0
0.35204459803764276,0.3017506869055112,0.0
0.6357434427379541,0.2771363545252682,0.0
0.6543169066976915,0.38521035248987623,0.0
0.19399050192879874,0.25892821712162406,0.0
0.6615027683401473,0.5170811577938009,0.0
0.2710913210867728,0.3900239938986547,0.0
0.9261425311503426,0.6191069834240057,0.0
0.5484578250943957,0.46607756381585075,0.0
0.8958474696662528,0.4507050130276934,0.0
0.7357065541670976,0.9132491949704581,0.0
0.7564682291657566,0.43579058242875646,0.0
0.07562538626742088,0.13886461211473644,0.0
0.042099793136673114,0.9180658156516609,0.0
0.37658804482061303,0.7702104227927781,0.0
0.5187776726953923,0.5536132224321013,0.0
0.3655194724898869,0.0061367275779887764,0.0
0.16602110069962173,0.8416585799440992,0.0
0.90313939851781,0.7842358498671075,0.0
0.38694314635299787,0.9068033015487001,0.0
0.45404637151199356,0.9127668870552003,0.0
0.14704185716429174,0.6839241049856459,0.0
0.008779905276404154,0.3930425611545576,0.0
0.13076405826216908,0.1138145300794583,0.0
0.944192114363255,0.7575356090992451,0.0
0.8461501979928258,0.09419968014397784,0.0
0.09592360244243803,0.11947060446037694,0.0
0.1065649124344975,0.5464957964652424,0.0
0.8512612333715504,0.19989308713994258,0.0
0.891167704296227,0.5908977885682761,0.0
0.21799415506134578,0.16611020854383252,0.0
0.22033772302723387,0.7245791546836264,0.0
0.467951486830801,0.7954105285766979,0.0
0.06388728450505832,0.4269216210478157,0.0
0.9400777802038298,0.7712209207178211,0.0
0.4670071499583355,0.6536052793391149,0.0
0.745435441944886,0.13973203911025256,0.0
0.6734390083198891,0.7533855050040398,0.0
0.12852101508799973,0.8586380555696934,0.0
0.5221487572694894,0.8816730663135453,0.0
0.534175425135419,0.7074559318425325,0.0
0.08844501260314064,0.20290129408404656,0.0
0.8152490862856989,0.2468595488539912,0.0
0.8986297740856759,0.48824658011393474,0.0
0.7394714840110393,0.5196667793473495,0.0
0.6249855582033829,0.5717993667102149,0.0
0.6763483935708337,0.8865072432667714,0.0
0.6132386030146059,0.33129836621608755,0.0
0.359361456902508,0.6703942222705446,0.0
0.0611117158482265,0.9460668485214436,0.0
0.4290097710341684,0.39540614455262557,0.0
0.2219478475510408,0.5098852544288157,0.0
0.023119954702545575,0.8578637656389437,0.0
0.8563846937229972,0.13610040871922624,0.0
0.15081783909614943,0.8875932829079107,0.0
0.4091916131318607,0.3306734078899092,0.0
0.058693537650934435,0.06057680813242017,0.0
0.028380528167552543,0.6730177687564936,0.0
0.377019390253407,0.4830365808308138,0.0
0.09913755029185467,0.19370872253851756,0.0
0.14611317594975104,0.4860860156051633,0.0
0.48986131962609103,0.38817242871467184,0.0
0.13904905852471838,0.12960538073298744,0.0
0.236825614929986,0.22016655799590212,0.0
0.8636299222486338,0.5447154468987028,0.0
0.9680356293599579,0.4570110566838541,0.0
0.7188174940046246,0.5513433816684862,0.0
0.02388084537047319,0.48387247535134104,0.0
0.9840213174407131,0.15185347362299573,0.0
0.7158882738062299,0.12077315792646681,0.0
9.084947028537016e-05,0.19806945402744636,0.0
0.4711826803267152,0.25977779207439555,0.0
0.6333876885509613,0.7316107847211313,0.0
0.8862989747852417,0.739459493416952,0.0
0.9238260601786336,0.9713023992847687,0.0
0.7474051139127649,0.910782037280707,0.0
0.7511690040302308,0.002006000363400373,0.0
0.13225483513996739,0.8713079168836663,0.0
0.030164384818848755,0.657257261809139,0.0
0.4648875570137282,0.42480277985143444,0.0
0.6064834829585152,0.69419202740268,0.0
0.03581933730132203,0.18451996080885147,0.0
0.3842621201994164,0.4483529609504383,0.0
0.47679218722848826,0.5243804182778048,0.0
0.8383842944442162,0.057973483088022526,0.0
0.952465980076992,0.6153881151659241,0.0
0.6891603460088481,0.8178559302296102,0.0
0.5340742455148273,0.9322769932865218,0.0
0.1833595181939892,0.8738353654793125,0.0
0.6316111858716645,0.2638629406107065,0.0
0.10490815191416736,0.5703029328769472,0.0
0.49682397567658676,0.7953233777684704,0.0
0.48304306028401134,0.32322305933919737,0.0
0.389199032238319,0.9859869705742631,0.0
0.2208071996423101,0.939613150292403,0.0
0.9364120054049584,0.26408719386904644,0.0
0.18210306220764827,0.13607765434610974,0.0
0.8874277141613828,0.36913193928272436,0.0
0.4727216576645563,0.20907985466256185,0.0
0.8813685535993566,0.6532097661530314,0.0
0.8926344296859318,0.8489948436890539,0.0
0.013812144358860357,0.19251287761547065,0.0
0.8272354075323872,0.7374892263692471,0.0
0.9742185607589566,0.04748189026623151,0.0
0.1443178056279958,0.4118675144905697,0.0
0.20637474885990548,0.35015018022419453,0.0
0.8120385560982282,0.8925792454300168,0.0
0.27038542139469146,0.1265131031854123,0.0
0.914919847010852,0.6167124273445314,0.0
0.80528626633486,0.21514499785739816,0.0
0.19353831603182092,0.7906297010174232,0.0
0.8993784651626571,0.8541224188416656,0.0
0.575001029490228,0.3437449829666279,0.0
0.45088739774095343,0.48813041255849254,0.0
0.34144957859224834,0.18051194151102778,0.0
0.9029168894808689,0.07915886787318127,0.0
0.3158798034161342,0.5826943023886706,0.0
0.21823313317105875,0.02246430284094736,0.0
0.3043926429826348,0.588739462445964,0.0
0.10968276022164714,0.8251509880107385,0.0
0.5689612785826285,0.5974667992808441,0.0
0.542370360165593,0.4731645341946811,0.0
0.22087840134465697,0.6560581204855841,0.0
0.6522392817083887,0.1844870228457114,0.0
0.259940091920556,0.9971494728676175,0.0
0.9301693698347075,0.3407837586636071,0.0
0.43898564446726707,0.2616083034852228,0.0
0.7553966902658595,0.5775014014090146,0.0
0.6729518939197924,0.10484331266790137,0.0
0.7151722126607472,0.42724933865366954,0.0
0.6313630021163426,0.5796758953299012,0.0
0.6148232071731538,0.8746693254060456,0.0
0.16167354957828028,0.9926391878163469,0.0
0.4834176638546399,0.3087101932996944,0.0
0.662690939901996,0.4039148933091913,0.0
0.7118262555596597,0.20965338099029307,0.0
0.933027610854936,0.36626728188922664,0.0
0.9225196566679387,0.8418488101061762,0.0
0.3705081597182647,0.358762047507339,0.0
0.56408850118031,0.9074317102103626,0.0
0.1284403466065246,0.3562698340025746,0.0
0.015842338944185297,0.12914960426946454,0.0
0.2754151974550675,0.75893350570336,0.0
0.9143216304491002,0.39688520429691865,0.0
0.49032325115959274,0.049343737618639194,0.0
0.10576581333161494,0.5283638151723389,0.0
0.4371828543098031,0.24414356607969756,0.0
0.1405787324429364,0.7903219514010883,0.0
0.8126337468236539,0.806495469468264,0.0
0.9791836802392896,0.6707318485432641,0.0
0.09494721750463053,0.2748381348335941,0.0
0.23748730763663972,0.8002070473202726,0.0
0.7967843603259138,0.801770571486482,0.0
0.5606256802988592,0.20911754370369584,0.0
0.23034076993355335,0.5832374945052524,0.0
0.947431161076319,0.5237403584274615,0.0
0.025446740951145297,0.7236492869506606,0.0
0.5005092613275659,0.8753977583491435,0.0
0.15867928489036132,0.2902545267031319,0.0
0.24872820287364372,0.4075462750053135,0.0
0.23316490085713426,0.1420543151961322,0.0
0.9394283181176355,0.7304743329811955,0.0
0.07145828959459166,0.016673104715119735,0.0
0.4168337536397356,0.6924306293260598,0.0
0.2129908903772858,0.9863400192236197,0.0
0.4849750185873043,0.04394235253817702,0.0
0.5088123884509537,0.2544873331866627,0.0
0.10755231462374049,0.6921448950808857,0.0
0.3402684822158383,0.3699379025335342,0.0
0.4420007312588432,0.7364134617951675,0.0
0.11607523142262888,0.02475281208700253,0.0
0.9374238970762506,0.7870903739118403,0.0
0.8897775676704731,0.2769167908413478,0.0
0.4960640502878264,0.4299598846575352,0.0
0.8503229185594117,0.853944390854612,0.0
0.46161051921950425,0.20486029500277625,0.0
0.7110990135979615,0.8302434668793904,0.0
0.8473306017733736,0.9684604241409124,0.0
0.21322563895583713,0.7906538525531618,0.0
0.5789277684146188,0.7809501347172608,0.0
0.9898085212225114,0.2839519837331278,0.0
0.6290536924222557,0.24118734789706897,0.0
0.0403202370490372,0.9615145452671288,0.0
0.1070390247984605,0.9633798237843113,0.0
0.8552921157958783,0.8818742087576752,0.0
0.7307265142490673,0.5660066770012145,0.0
0.7966287880253978,0.33961624354303876,0.0
0.4950539990012789,0.2980805385557149,0.0
0.6212521767040767,0.4109034392771397,0.0
0.526824238208457,0.4268164585013796,0.0
0.8339834573839929,0.9324065821500617,0.0
0.7116616405978533,0.9311067069962119,0.0
0.9776797116650771,0.14812505193707337,0.0
0.4223680280217713,0.46076744699629935,0.0
0.7684385519308404,0.8709054052075087,0.0
0.2663514385572926,0.6466920478568647,0.0
0.43737293517199627,0.7811278676826348,0.0
0.14632691636778228,0.7381632278127184,0.0
0.0768910463249548,0.04527340229501142,0.0
0.7737444430750978,0.8850462202710384,0.0
0.27626704340252684,0.8933739877822339,0.0
0.8381249830267644,0.9112244303189809,0.0
0.9787958264856481,0.9598328842669195,0.0
0.5570103901795166,0.2501678216511527,0.0
0.9126878941750396,0.969261900717724,0.0
0.7720927090181583,0.6240400580800376,0.0
0.7586038771160288,0.5167395245783145,0.0
0.7623859296804254,0.3408305606105766,0.0
0.025231759171072454,0.1458621874967565,0.0
0.939544510092924,0.495929050095235,0.0
0.692010155164332,0.36737788514435754,0.0
0.8416480200343517,0.37340217410612586,0.0
0.12209068134843237,0.6860152276606448,0.0
0.37477827821783205,0.6723116231442096,0.0
0.7340411483595889,0.8617151866188058,0.0
0.10108280848899376,0.3853794528088462,0.0
0.43291352256115445,0.7306500665787911,0.0
0.06579055371989717,0.9831727180847165,0.0
0.7609814826135085,0.19782471951453806,0.0
0.32092762261099583,0.9974019733701862,0.0
0.7239257525910695,0.819685434812336,0.0
0.6278873801728255,0.6934294497754763,0.0
0.7526972956947515,0.2222229519162996,0.0
0.22780812464419187,0.6199196815840515,0.0
0.896870387892587,0.43302305568108745,0.0
0.9938596898894131,0.38251921035680414,0.0
0.23702920020364093,0.8865208256186102,0.0
0.9650726101998022,0.26173345235943,0.0
0.47651045405866255,0.8992933216103486,0.0
0.19783577570758148,0.09300704273961358,0.0
0.6821965448545253,0.27337287648218633,0.0
0.25164990466095416,0.05592557485266292,0.0
0.23557300346514354,0.5138855885256499,0.0
0.3577873869139413,0.6525746306272666,0.0
0.7051809682962479,0.2828207257162896,0.0
0.740058090207023,0.47053139778418385,0.0
0.5190771749010685,0.642832276907228,0.0
0.31633546909821186,0.8760655542984183,0.0
0.6337713010546824,0.38153802485846544,0.0
0.9529316307840815,0.2126638044673479,0.0
0.5613357328427027,0.4803377993037282,0.0
0.7077849946371734,0.9245727746353194,0.0
0.2221059381115481,0.23376161160030584,0.0
0.9017271053148368,0.11138769221794298,0.0
0.3565222531667147,0.5120661421925184,0.0
0.34612144248571475,0.6058376378555584,0.0
0.4599480185760513,0.05450472878055612,0.0
0.4923850021089282,0.3018453579717768,0.0
0.5869425628725232,0.1303467160633246,0.0
0.6336937703376768,0.0166325054892571,0.0
0.948820838888073,0.27174873276642453,0.0
0.23543974436318094,0.7538974806697112,0.0
0.8695577824227411,0.5780090271229388,0.0
0.637867242926762,0.7721310709939916,0.0
0.21048141167098722,0.9249648405103041,0.0
0.9914993041256331,0.9632511863097014,0.0
0.9919136441012577,0.38171739517832737,0.0
0.5131237740633032,0.5926121908180326,0.0
0.853182197066907,0.034625884798714424,0.0
0.11341560457215105,0.15165531225822326,0.0
0.6658053888015895,0.44419085098483024,0.0
0.3802350899532496,0.7770012588401148,0.0
0.34478205539797147,0.6851168385379094,0.0
0.11509774826188424,0.5122276627874782,0.0
0.8923134781763371,0.4789307293976742,0.0
0.5743569342921022,0.72612396187936,0.0
0.5307062812082668,0.07371064158665874,0.0
0.7623856920853956,0.4054286771167285,0.0
0.33087437844431045,0.5571225893315181,0.0
0.9898306991158847,0.08167410472756775,0.0
0.2728606031116144,0.6723142280701561,0.0
0.4493190656238881,0.7812745500919364,0.0
0.38011544140716935,0.34515911237600494,0.0
0.4222817962850661,0.5145764343037467,0.0
0.21334431041530888,0.2084908955111664,0.0
0.45835671005657785,0.4600889442998337,0.0
0.6403752127062254,0.18047041035759515,0.0
0.9601405373457244,0.4411590281830172,0.0
0.835597202165756,0.8598319972345042,0.0
0.25035909552676416,0.07051172249969839,0.0
0.7532199753972916,0.09147053667436844,0.0
0.2929685549167935,0.5050392328038068,0.0
0.9122933358046452,0.48571170172960565,0.0
0.7871543195143164,0.2395275407185895,0.0
0.5560171038447075,0.37654502894397346,0.0
0.10507453099872965,0.9754755854208481,0.0
0.9241718698521563,0.9483864205304702,0.0
0.053871556182869984,0.6614964262922128,0.0
0.8112175236920487,0.5437331631457089,0.0
0.9975104153976683,0.08463038941584489,0.0
0.916796665373636,0.7644701822092691,0.0
0.578529315549725,0.5653068367216539,0.0
0.1129173230188456,0.1370325002896886,0.0
0.8195753764425588,0.5020277665044638,0.0
0.046117789035871715,0.9137726771348031,0.0
0.8363730323890897,0.3500531819255107,0.0
0.5776678182122075,0.8686831197531795,0.0
0.8707488357244635,0.7874033762030859,0.0
0.7447405516348798,0.007968325962003586,0.0
0.20603954295693183,0.27257400735706394,0.0
0.2906018327942861,0.1658820609320687,0.0
0.10305849433044811,0.589582821907496,0.0
0.08852149416340072,0.946895681734879,0.0
0.09865047876739241,0.972103173229603,0.0
0.25294803315521663,0.3391965210767106,0.0
0.6736772673667072,0.2733162242067758,0.0
0.02619575755280945,0.5873946322061624,0.0
0.8216165585375922,0.24959860587300253,0.0
0.48586468408022576,0.21460510320838055,0.0
0.805267942519707,0.2878830628181154,0.0
0.5881059219550583,0.21304802329485228,0.0
0.5547801674260091,0.40590129294376587,0.0
0.1945772408926133,0.044034455694352714,0.0
0.9510704199905713,0.5613909851724287,0.0
0.8019591558144803,0.05195230009246743,0.0
0.48086465740699713,0.4165146804707561,0.0
0.4633092623307479,0.5100859168795272,0.0
0.003508743631544964,0.3857052582898193,0.0
0.18552794467388978,0.3393294327088401,0.0
0.5998250741977597,0.8604315856979318,0.0
0.48890364027260036,0.5882363038711397,0.0
0.2271264026506713,0.9362821034507793,0.0
0.9882681292468384,0.589540281167286,0.0
0.7931626540475402,0.014708858037089656,0.0
0.27395334969700835,0.6913184731357668,0.0
0.6621960378335608,0.13333914790258394,0.0
0.5510346484500778,0.46164736367146664,0.0
0.7934250769994745,0.6666439354915222,0.0
0.7498525200112449,0.032654744096495936,0.0
0.9105639436571176,0.642086369778176,0.0
0.14575394528320984,0.5990780028056699,0.0
0.9525359066995297,0.3406487358999668,0.0
0.5731474712914573,0.1537049315763952,0.0
0.3782642242299501,0.9140421929598154,0.0
0.3374459092338947,0.644643666602671,0.0
0.8524351747421347,0.19152236283657453,0.0
0.19715446390809843,0.4645533158574717,0.0
0.25398167776302183,0.25730071783417396,0.0
0.17217920000454157,0.12126622209399596,0.0
0.9251506037374552,0.08142330577221535,0.0
0.45188084504069803,0.6428269077938851,0.0
0.8114792194817897,0.12321892715549276,0.0
0.34607647866500346,0.44968952638628024,0.0
0.016583433929990954,0.048782202738524516,0.0
0.9179976840030076,0.46686627722541507,0.0
0.13710858058912567,0.40384570626866423,0.0
0.34862298876167286,0.8644593379519254,0.0
0.004740380440657055,0.258627635513596,0.0
0.007819346917910086,0.20194673301104527,0.0
0.5859450543619855,0.32220403882505777,0.0
0.21575119694872247,0.622730845754221,0.0
0.24336824666639678,0.6123955025974349,0.0
0.8842506177923527,0.8332915435723509,0.0
0.6421786317628012,0.3277215953493937,0.0
0.5882303017654822,0.2653564432532175,0.0
0.698200008003398,0.47022842785093455,0.0
0.030444145984481974,0.7718201525329472,0.0
0.6980603474604238,0.956084846042161,0.0
0.5646631941916639,0.34521414084129776,0.0
0.09289063894973915,0.524716776323049,0.0
0.12328934292336824,0.9184990110655132,0.0
0.26341171637415395,0.17113231195700518,0.0
0.7927374118067037,0.2932248034986339,0.0
0.8627179291896612,0.2720832851437093,0.0
0.6245971885237905,0.32269314523965087,0.0
0.6338563079273515,0.36043986928102467,0.0
0.8751699034718267,0.9352717029030819,0.0
0.7540054160055368,0.8563555512860491,0.0
0.5862774123987294,0.6340119032553488,0.0
0.30759303155851503,0.32678802649221217,0.0
0.08846570257710207,0.9682198454029572,0.0
0.9674849876155981,0.992935445078572,0.0
0.5867768731481059,0.1445605284321465,0.0
0.8119736986248137,0.1738313078059478,0.0
0.030435308027084274,0.25404627254736245,0.0
0.7926579679302521,0.18170656598641488,0.0
0.36428402145040384,0.5649104186012883,0.0
0.562930276479451,0.059655572253084266,0.0
0.9684853305359127,0.42412104029299547,0.0
0.773048795214879,0.15303960479109635,0.0
0.6305834240759611,0.2669119685296605,0.0
0.7690464973263623,0.8707159089964391,0.0
0.4687170744131811,0.0771671148155545,0.0
0.7124792392447917,0.5462594595486837,0.0
0.409302820766162,0.19075803954902504,0.0
0.22050807884917056,0.37029671855565316,0.0
0.4466293019041633,0.8107143657572325,0.0
0.31094638142674036,0.4259081631335194,0.0
0.9442446943121822,0.3685466215228097,0.0
0.81953921190944,0.9044079870058849,0.0
0.7419087574577263,0.3042312220940987,0.0
0.9801641451018918,0.11071628077170081,0.0
0.04074001701828778,0.2895979596456707,0.0
0.47025611183839666,0.09144925068078313,0.0
0.6032702467555071,0.6031546649459025,0.0
0.28888884209930077,0.6912362095516984,0.0
0.11756535687334224,0.5284670174029242,0.0
0.06399531895249666,0.2189366801757614,0.0
0.6136014984561099,0.4718772177057976,0.0
0.6448844731833026,0.8317904808820437,0.0
0.8017090894399728,0.2235415958147401,0.0
0.5933029128162302,0.29848981139561204,0.0
0.8744739363874562,0.15259350440772046,0.0
0.862571692754117,0.2538365587248643,0.0
0.21131570854219905,0.3931411732215814,0.0
0.6116385839928935,0.2820287252893354,0.0
0.46948428949400356,0.8171811449031594,0.0
0.4469385827155592,0.308417846022088,0.0
0.7789682783076399,0.7749903459968799,0.0
0.3440101112637822,0.8629124182191902,0.0
0.8296219397791438,0.7317657171420486,0.0
0.23399501617660778,0.7544231464955773,0.0
0.9280009983398739,0.40226493441379374,0.0
0.8057746771745511,0.4356352807718862,0.0
0.837716794179895,0.5094026542624079,0.0
0.8366208954991758,0.5973317295551729,0.0
0.7758424053230638,0.2835892287161259,0.0
0.6911258373291876,0.26126934267068536,0.0
0.985225412489926,0.5869285296111825,0.0
0.7209569051304224,0.4600799761726092,0.0
0.3097607972177804,0.14781677005010296,0.0
0.8853187196313839,0.45370193438415574,0.0
0.6226477737432297,0.4424225069041928,0.0
0.20285172806305307,0.3985971015175884,0.0
0.5875335101580379,0.636433699804526,0.0
0.110381045433119,0.3713387469919657,0.0
0.9729117985208373,0.47842114292697036,0.0
0.3405463761459854,0.4996646955980186,0.0
0.3885955044214423,0.45728266113190863,0.0
0.3463077739943625,0.8280637924607751,0.0
0.2871236402852805,0.5054450437201948,0.0
0.23607737700763953,0.49506381878224437,0.0
0.9732529781577888,0.920632458221071,0.0
0.9959561014845806,0.07966002578854114,0.0
0.5792683067766743,0.24354127815461768,0.0
0.6012857183499913,0.8548527304834495,0.0
0.9032415960459304,0.7719775981063479,0.0
0.6678572031958935,0.5017987935397233,0.0
0.9287387380747638,0.3173434898498392,0.0
0.9221868669940009,0.6208406347140686,0.0
0.20724647815775332,0.27174643484191563,0.0
0.5380052977634556,0.7180765736630621,0.0
0.030466163784834244,0.4429977637891448,0.0
0.7832193500164404,0.902451912325563,0.0
0.9500589570100454,0.5559727322221982,0.0
0.30912622145383173,0.2608412877630909,0.0
0.8161239171218088,0.7464794205931512,0.0
0.5583311502890766,0.11196424273081174,0.0
0.8529229437104715,0.07751554143618455,0.0
0.4852029695137511,0.8599086857842987,0.0
0.22447981482971202,0.003058289417321558,0.0
0.5598348266504859,0.40986825543269967,0.0
0.2718971243000958,0.13353732551482966,0.0
0.2661936273783393,0.12602360902605048,0.0
0.2508886425757665,0.39534838789978977,0.0
0.42868939891378843,0.8502259987729835,0.0
0.5737131102423448,0.6682085251031817,0.0
0.29235635287659456,0.3563774155658933,0.0
0.37365904625080715,0.5599983797794541,0.0
0.8621401839300663,0.9940987071394634,0.0
0.8338036451613409,0.4079872911744493,0.0
0.3650043613188215,0.43389862230766374,0.0
0.28476613466104106,0.968892646653814,0.0
0.5663038724136652,0.0277960268311771,0.0
0.6273573906627183,0.4398104968724874,0.0
0.9974758618150849,0.5240303812279768,0.0
0.36144880179580996,0.13173363561902807,0.0
0.32087684898266555,0.6443202465954057,0.0
0.8683829879418448,0.4550022650042387,0.0
0.714864270578056,0.21119218257417804,0.0
0.10617328047125774,0.17461942760481264,0.0
0.6587994505329556,0.9255359381854257,0.0
0.4728484930182638,0.26510895172903004,0.0
0.8853344368054102,0.5839810514092202,0.0
0.6516760794253796,0.06678505341159435,0.0
0.812391837012024,0.9825957807650043,0.0
0.4746503548572707,0.3783874062063365,0.0
0.46911229406070587,0.501913170677935,0.0
0.9304038548827617,0.7860729266807266,0.0
0.42518246035061213,0.7598191471223866,0.0
0.44710570190056276,0.664551332916835,0.0
0.38703642350557554,0.9055993879659924,0.0
0.6224105421627782,0.22479569235086305,0.0
0.9145002874797965,0.01949189393200257,0.0
0.4564772611091005,0.5863039672674196,0.0
0.20161483076325415,0.4177182608043929,0.0
0.8610842441805601,0.6463064255360347,0.0
